{
    "allowed_reference_expressions_for_hint": [
        {
            "allowed_expressions": [
                {
                    "expr": "[cast(fp + (-3), starkware.cairo.common.dict_access.DictAccess**)]",
                    "name": "starkware.cairo.common.dict.dict_squash.dict_accesses_end"
                },
                {
                    "expr": "[cast(fp + (-4), starkware.cairo.common.dict_access.DictAccess**)]",
                    "name": "starkware.cairo.common.dict.dict_squash.dict_accesses_start"
                },
                {
                    "expr": "[cast(fp + (-5), felt*)]",
                    "name": "starkware.cairo.common.dict.dict_squash.range_check_ptr"
                }
            ],
            "hint_lines": [
                "# Prepare arguments for dict_new. In particular, the same dictionary values should be copied",
                "# to the new (squashed) dictionary.",
                "vm_enter_scope({",
                "    # Make __dict_manager accessible.",
                "    '__dict_manager': __dict_manager,",
                "    # Create a copy of the dict, in case it changes in the future.",
                "    'initial_dict': dict(__dict_manager.get_dict(ids.dict_accesses_end)),",
                "})"
            ]
        },
        {
            "allowed_expressions": [
                {
                    "expr": "[cast(fp + (-3), starkware.cairo.common.dict_access.DictAccess**)]",
                    "name": "starkware.cairo.common.dict.dict_squash.dict_accesses_end"
                },
                {
                    "expr": "[cast(fp + (-4), starkware.cairo.common.dict_access.DictAccess**)]",
                    "name": "starkware.cairo.common.dict.dict_squash.dict_accesses_start"
                },
                {
                    "expr": "[cast(ap + (-2), felt*)]",
                    "name": "starkware.cairo.common.dict.dict_squash.range_check_ptr"
                },
                {
                    "expr": "[cast(ap + (-1), starkware.cairo.common.dict_access.DictAccess**)]",
                    "name": "starkware.cairo.common.dict.dict_squash.squashed_dict_end"
                },
                {
                    "expr": "[cast(fp, starkware.cairo.common.dict_access.DictAccess**)]",
                    "name": "starkware.cairo.common.dict.dict_squash.squashed_dict_start"
                }
            ],
            "hint_lines": [
                "# Update the DictTracker's current_ptr to point to the end of the squashed dict.",
                "__dict_manager.get_tracker(ids.squashed_dict_start).current_ptr = \\",
                "    ids.squashed_dict_end.address_"
            ]
        },
        {
            "allowed_expressions": [
                {
                    "expr": "[cast(fp + (-6), starkware.cairo.common.dict_access.DictAccess**)]",
                    "name": "starkware.cairo.common.dict.dict_update.dict_ptr"
                },
                {
                    "expr": "[cast(fp + (-5), felt*)]",
                    "name": "starkware.cairo.common.dict.dict_update.key"
                },
                {
                    "expr": "[cast(fp + (-3), felt*)]",
                    "name": "starkware.cairo.common.dict.dict_update.new_value"
                },
                {
                    "expr": "[cast(fp + (-4), felt*)]",
                    "name": "starkware.cairo.common.dict.dict_update.prev_value"
                }
            ],
            "hint_lines": [
                "# Verify dict pointer and prev value.",
                "dict_tracker = __dict_manager.get_tracker(ids.dict_ptr)",
                "current_value = dict_tracker.data[ids.key]",
                "assert current_value == ids.prev_value, \\",
                "    f'Wrong previous value in dict. Got {ids.prev_value}, expected {current_value}.'",
                "",
                "# Update value.",
                "dict_tracker.data[ids.key] = ids.new_value",
                "dict_tracker.current_ptr += ids.DictAccess.SIZE"
            ]
        },
        {
            "allowed_expressions": [
                {
                    "expr": "[cast(fp + (-3), felt*)]",
                    "name": "starkware.starknet.common.storage.normalize_address.addr"
                },
                {
                    "expr": "[cast(ap + (-1), felt*)]",
                    "name": "starkware.starknet.common.storage.normalize_address.is_small"
                },
                {
                    "expr": "[cast(fp + (-4), felt*)]",
                    "name": "starkware.starknet.common.storage.normalize_address.range_check_ptr"
                }
            ],
            "hint_lines": [
                "# Verify the assumptions on the relationship between 2**250, ADDR_BOUND and PRIME.",
                "ADDR_BOUND = ids.ADDR_BOUND % PRIME",
                "assert (2**250 < ADDR_BOUND <= 2**251) and (2 * 2**250 < PRIME) and (",
                "        ADDR_BOUND * 2 > PRIME), \\",
                "    'normalize_address() cannot be used with the current constants.'",
                "ids.is_small = 1 if ids.addr < ADDR_BOUND else 0"
            ]
        },
        {
            "allowed_expressions": [
                {
                    "expr": "[cast(fp + (-6), starkware.cairo.common.uint256.Uint256*)]",
                    "name": "starkware.cairo.common.uint256.uint256_unsigned_div_rem.a"
                },
                {
                    "expr": "[cast(fp + (-4), starkware.cairo.common.uint256.Uint256*)]",
                    "name": "starkware.cairo.common.uint256.uint256_unsigned_div_rem.div"
                },
                {
                    "expr": "[cast(fp, starkware.cairo.common.uint256.Uint256*)]",
                    "name": "starkware.cairo.common.uint256.uint256_unsigned_div_rem.quotient"
                },
                {
                    "expr": "[cast(fp + (-7), felt*)]",
                    "name": "starkware.cairo.common.uint256.uint256_unsigned_div_rem.range_check_ptr"
                },
                {
                    "expr": "[cast(fp + 2, starkware.cairo.common.uint256.Uint256*)]",
                    "name": "starkware.cairo.common.uint256.uint256_unsigned_div_rem.remainder"
                }
            ],
            "hint_lines": [
                "a = (ids.a.high << 128) + ids.a.low",
                "div = (ids.div.high << 128) + ids.div.low",
                "quotient, remainder = divmod(a, div)",
                "",
                "ids.quotient.low = quotient & ((1 << 128) - 1)",
                "ids.quotient.high = quotient >> 128",
                "ids.remainder.low = remainder & ((1 << 128) - 1)",
                "ids.remainder.high = remainder >> 128"
            ]
        },
        {
            "allowed_expressions": [
                {
                    "expr": "[cast(fp + (-6), felt**)]",
                    "name": "starkware.cairo.common.find_element.search_sorted_lower.array_ptr"
                },
                {
                    "expr": "[cast(fp + (-5), felt*)]",
                    "name": "starkware.cairo.common.find_element.search_sorted_lower.elm_size"
                },
                {
                    "expr": "[cast(fp, felt*)]",
                    "name": "starkware.cairo.common.find_element.search_sorted_lower.index"
                },
                {
                    "expr": "[cast(fp + (-3), felt*)]",
                    "name": "starkware.cairo.common.find_element.search_sorted_lower.key"
                },
                {
                    "expr": "[cast(fp + (-4), felt*)]",
                    "name": "starkware.cairo.common.find_element.search_sorted_lower.n_elms"
                },
                {
                    "expr": "[cast(fp + (-7), felt*)]",
                    "name": "starkware.cairo.common.find_element.search_sorted_lower.range_check_ptr"
                }
            ],
            "hint_lines": [
                "array_ptr = ids.array_ptr",
                "elm_size = ids.elm_size",
                "assert isinstance(elm_size, int) and elm_size > 0, \\",
                "    f'Invalid value for elm_size. Got: {elm_size}.'",
                "",
                "n_elms = ids.n_elms",
                "assert isinstance(n_elms, int) and n_elms >= 0, \\",
                "    f'Invalid value for n_elms. Got: {n_elms}.'",
                "if '__find_element_max_size' in globals():",
                "    assert n_elms <= __find_element_max_size, \\",
                "        f'find_element() can only be used with n_elms<={__find_element_max_size}. ' \\",
                "        f'Got: n_elms={n_elms}.'",
                "",
                "for i in range(n_elms):",
                "    if memory[array_ptr + elm_size * i] >= ids.key:",
                "        ids.index = i",
                "        break",
                "else:",
                "    ids.index = n_elms"
            ]
        },
        {
            "allowed_expressions": [
                {
                    "expr": "[cast(fp + (-6), felt**)]",
                    "name": "starkware.cairo.common.find_element.find_element.array_ptr"
                },
                {
                    "expr": "[cast(fp + (-5), felt*)]",
                    "name": "starkware.cairo.common.find_element.find_element.elm_size"
                },
                {
                    "expr": "[cast(fp, felt*)]",
                    "name": "starkware.cairo.common.find_element.find_element.index"
                },
                {
                    "expr": "[cast(fp + (-3), felt*)]",
                    "name": "starkware.cairo.common.find_element.find_element.key"
                },
                {
                    "expr": "[cast(fp + (-4), felt*)]",
                    "name": "starkware.cairo.common.find_element.find_element.n_elms"
                },
                {
                    "expr": "[cast(fp + (-7), felt*)]",
                    "name": "starkware.cairo.common.find_element.find_element.range_check_ptr"
                }
            ],
            "hint_lines": [
                "array_ptr = ids.array_ptr",
                "elm_size = ids.elm_size",
                "assert isinstance(elm_size, int) and elm_size > 0, \\",
                "    f'Invalid value for elm_size. Got: {elm_size}.'",
                "key = ids.key",
                "",
                "if '__find_element_index' in globals():",
                "    ids.index = __find_element_index",
                "    found_key = memory[array_ptr + elm_size * __find_element_index]",
                "    assert found_key == key, \\",
                "        f'Invalid index found in __find_element_index. index: {__find_element_index}, ' \\",
                "        f'expected key {key}, found key: {found_key}.'",
                "    # Delete __find_element_index to make sure it's not used for the next calls.",
                "    del __find_element_index",
                "else:",
                "    n_elms = ids.n_elms",
                "    assert isinstance(n_elms, int) and n_elms >= 0, \\",
                "        f'Invalid value for n_elms. Got: {n_elms}.'",
                "    if '__find_element_max_size' in globals():",
                "        assert n_elms <= __find_element_max_size, \\",
                "            f'find_element() can only be used with n_elms<={__find_element_max_size}. ' \\",
                "            f'Got: n_elms={n_elms}.'",
                "",
                "    for i in range(n_elms):",
                "        if memory[array_ptr + elm_size * i] == key:",
                "            ids.index = i",
                "            break",
                "    else:",
                "        raise ValueError(f'Key {key} was not found.')"
            ]
        },
        {
            "allowed_expressions": [
                {
                    "expr": "[cast(fp + (-3), felt*)]",
                    "name": "starkware.cairo.common.squash_dict.squash_dict_inner.big_keys"
                },
                {
                    "expr": "[cast(fp + (-8), starkware.cairo.common.dict_access.DictAccess**)]",
                    "name": "starkware.cairo.common.squash_dict.squash_dict_inner.dict_accesses"
                },
                {
                    "expr": "[cast(fp + (-7), felt**)]",
                    "name": "starkware.cairo.common.squash_dict.squash_dict_inner.dict_accesses_end_minus1"
                },
                {
                    "expr": "[cast(fp + (-4), starkware.cairo.common.dict_access.DictAccess**)]",
                    "name": "starkware.cairo.common.squash_dict.squash_dict_inner.dict_diff"
                },
                {
                    "expr": "[cast(fp, felt*)]",
                    "name": "starkware.cairo.common.squash_dict.squash_dict_inner.first_value"
                },
                {
                    "expr": "[cast(fp + (-6), felt*)]",
                    "name": "starkware.cairo.common.squash_dict.squash_dict_inner.key"
                },
                {
                    "expr": "cast(ap + (-3), starkware.cairo.common.squash_dict.squash_dict_inner.LoopLocals*)",
                    "name": "starkware.cairo.common.squash_dict.squash_dict_inner.last_loop_locals"
                },
                {
                    "expr": "[cast(ap + (-1), felt*)]",
                    "name": "starkware.cairo.common.squash_dict.squash_dict_inner.n_used_accesses"
                },
                {
                    "expr": "[cast(fp + (-9), felt*)]",
                    "name": "starkware.cairo.common.squash_dict.squash_dict_inner.range_check_ptr"
                },
                {
                    "expr": "[cast(fp + (-5), felt*)]",
                    "name": "starkware.cairo.common.squash_dict.squash_dict_inner.remaining_accesses"
                },
                {
                    "expr": "[cast(fp + 1, felt*)]",
                    "name": "starkware.cairo.common.squash_dict.squash_dict_inner.should_skip_loop"
                },
                {
                    "expr": "[cast(fp + (-4), starkware.cairo.common.dict_access.DictAccess**)]",
                    "name": "starkware.cairo.common.squash_dict.squash_dict_inner.squashed_dict"
                }
            ],
            "hint_lines": [
                "assert ids.n_used_accesses == len(access_indices[key])"
            ]
        },
        {
            "allowed_expressions": [
                {
                    "expr": "[cast(fp + (-3), felt*)]",
                    "name": "starkware.cairo.common.squash_dict.squash_dict_inner.big_keys"
                },
                {
                    "expr": "[cast(fp + (-8), starkware.cairo.common.dict_access.DictAccess**)]",
                    "name": "starkware.cairo.common.squash_dict.squash_dict_inner.dict_accesses"
                },
                {
                    "expr": "[cast(fp + (-7), felt**)]",
                    "name": "starkware.cairo.common.squash_dict.squash_dict_inner.dict_accesses_end_minus1"
                },
                {
                    "expr": "[cast(fp + (-4), starkware.cairo.common.dict_access.DictAccess**)]",
                    "name": "starkware.cairo.common.squash_dict.squash_dict_inner.dict_diff"
                },
                {
                    "expr": "[cast(fp, felt*)]",
                    "name": "starkware.cairo.common.squash_dict.squash_dict_inner.first_value"
                },
                {
                    "expr": "[cast(fp + (-6), felt*)]",
                    "name": "starkware.cairo.common.squash_dict.squash_dict_inner.key"
                },
                {
                    "expr": "cast(ap + (-3), starkware.cairo.common.squash_dict.squash_dict_inner.LoopLocals*)",
                    "name": "starkware.cairo.common.squash_dict.squash_dict_inner.last_loop_locals"
                },
                {
                    "expr": "[cast(fp + (-9), felt*)]",
                    "name": "starkware.cairo.common.squash_dict.squash_dict_inner.range_check_ptr"
                },
                {
                    "expr": "[cast(fp + (-5), felt*)]",
                    "name": "starkware.cairo.common.squash_dict.squash_dict_inner.remaining_accesses"
                },
                {
                    "expr": "[cast(fp + 1, felt*)]",
                    "name": "starkware.cairo.common.squash_dict.squash_dict_inner.should_skip_loop"
                },
                {
                    "expr": "[cast(fp + (-4), starkware.cairo.common.dict_access.DictAccess**)]",
                    "name": "starkware.cairo.common.squash_dict.squash_dict_inner.squashed_dict"
                }
            ],
            "hint_lines": [
                "assert len(current_access_indices) == 0"
            ]
        },
        {
            "allowed_expressions": [
                {
                    "expr": "[cast(fp + (-3), felt*)]",
                    "name": "starkware.cairo.common.squash_dict.squash_dict_inner.big_keys"
                },
                {
                    "expr": "[cast(fp + (-8), starkware.cairo.common.dict_access.DictAccess**)]",
                    "name": "starkware.cairo.common.squash_dict.squash_dict_inner.dict_accesses"
                },
                {
                    "expr": "[cast(fp + (-7), felt**)]",
                    "name": "starkware.cairo.common.squash_dict.squash_dict_inner.dict_accesses_end_minus1"
                },
                {
                    "expr": "[cast(fp + (-4), starkware.cairo.common.dict_access.DictAccess**)]",
                    "name": "starkware.cairo.common.squash_dict.squash_dict_inner.dict_diff"
                },
                {
                    "expr": "[cast(fp, felt*)]",
                    "name": "starkware.cairo.common.squash_dict.squash_dict_inner.first_value"
                },
                {
                    "expr": "[cast(fp + (-6), felt*)]",
                    "name": "starkware.cairo.common.squash_dict.squash_dict_inner.key"
                },
                {
                    "expr": "cast(ap + (-3), starkware.cairo.common.squash_dict.squash_dict_inner.LoopLocals*)",
                    "name": "starkware.cairo.common.squash_dict.squash_dict_inner.last_loop_locals"
                },
                {
                    "expr": "[cast(ap + (-1), felt*)]",
                    "name": "starkware.cairo.common.squash_dict.squash_dict_inner.n_used_accesses"
                },
                {
                    "expr": "cast([ap + (-3)] + 1, felt)",
                    "name": "starkware.cairo.common.squash_dict.squash_dict_inner.range_check_ptr"
                },
                {
                    "expr": "[cast(ap + (-1), felt*)]",
                    "name": "starkware.cairo.common.squash_dict.squash_dict_inner.remaining_accesses"
                },
                {
                    "expr": "[cast(fp + 1, felt*)]",
                    "name": "starkware.cairo.common.squash_dict.squash_dict_inner.should_skip_loop"
                },
                {
                    "expr": "[cast(fp + (-4), starkware.cairo.common.dict_access.DictAccess**)]",
                    "name": "starkware.cairo.common.squash_dict.squash_dict_inner.squashed_dict"
                }
            ],
            "hint_lines": [
                "assert len(keys) == 0"
            ]
        },
        {
            "allowed_expressions": [
                {
                    "expr": "[cast(fp + (-3), felt*)]",
                    "name": "starkware.cairo.common.squash_dict.squash_dict_inner.big_keys"
                },
                {
                    "expr": "[cast(fp + (-8), starkware.cairo.common.dict_access.DictAccess**)]",
                    "name": "starkware.cairo.common.squash_dict.squash_dict_inner.dict_accesses"
                },
                {
                    "expr": "[cast(fp + (-7), felt**)]",
                    "name": "starkware.cairo.common.squash_dict.squash_dict_inner.dict_accesses_end_minus1"
                },
                {
                    "expr": "[cast(fp + (-4), starkware.cairo.common.dict_access.DictAccess**)]",
                    "name": "starkware.cairo.common.squash_dict.squash_dict_inner.dict_diff"
                },
                {
                    "expr": "[cast(fp, felt*)]",
                    "name": "starkware.cairo.common.squash_dict.squash_dict_inner.first_value"
                },
                {
                    "expr": "[cast(fp + (-6), felt*)]",
                    "name": "starkware.cairo.common.squash_dict.squash_dict_inner.key"
                },
                {
                    "expr": "cast(ap + (-3), starkware.cairo.common.squash_dict.squash_dict_inner.LoopLocals*)",
                    "name": "starkware.cairo.common.squash_dict.squash_dict_inner.last_loop_locals"
                },
                {
                    "expr": "[cast(ap + (-1), felt*)]",
                    "name": "starkware.cairo.common.squash_dict.squash_dict_inner.n_used_accesses"
                },
                {
                    "expr": "[cast(ap, felt*)]",
                    "name": "starkware.cairo.common.squash_dict.squash_dict_inner.next_key"
                },
                {
                    "expr": "cast([ap + (-3)] + 1, felt)",
                    "name": "starkware.cairo.common.squash_dict.squash_dict_inner.range_check_ptr"
                },
                {
                    "expr": "[cast(ap + (-1), felt*)]",
                    "name": "starkware.cairo.common.squash_dict.squash_dict_inner.remaining_accesses"
                },
                {
                    "expr": "[cast(fp + 1, felt*)]",
                    "name": "starkware.cairo.common.squash_dict.squash_dict_inner.should_skip_loop"
                },
                {
                    "expr": "[cast(fp + (-4), starkware.cairo.common.dict_access.DictAccess**)]",
                    "name": "starkware.cairo.common.squash_dict.squash_dict_inner.squashed_dict"
                }
            ],
            "hint_lines": [
                "assert len(keys) > 0, 'No keys left but remaining_accesses > 0.'",
                "ids.next_key = key = keys.pop()"
            ]
        },
        {
            "allowed_expressions": [
                {
                    "expr": "[cast(fp + (-3), felt*)]",
                    "name": "starkware.cairo.common.squash_dict.squash_dict_inner.big_keys"
                },
                {
                    "expr": "[cast(fp + (-8), starkware.cairo.common.dict_access.DictAccess**)]",
                    "name": "starkware.cairo.common.squash_dict.squash_dict_inner.dict_accesses"
                },
                {
                    "expr": "[cast(fp + (-7), felt**)]",
                    "name": "starkware.cairo.common.squash_dict.squash_dict_inner.dict_accesses_end_minus1"
                },
                {
                    "expr": "[cast(fp + (-4), starkware.cairo.common.dict_access.DictAccess**)]",
                    "name": "starkware.cairo.common.squash_dict.squash_dict_inner.dict_diff"
                },
                {
                    "expr": "[cast(fp + (-6), felt*)]",
                    "name": "starkware.cairo.common.squash_dict.squash_dict_inner.key"
                },
                {
                    "expr": "[cast(fp + (-9), felt*)]",
                    "name": "starkware.cairo.common.squash_dict.squash_dict_inner.range_check_ptr"
                },
                {
                    "expr": "[cast(fp + (-5), felt*)]",
                    "name": "starkware.cairo.common.squash_dict.squash_dict_inner.remaining_accesses"
                },
                {
                    "expr": "[cast(fp + (-4), starkware.cairo.common.dict_access.DictAccess**)]",
                    "name": "starkware.cairo.common.squash_dict.squash_dict_inner.squashed_dict"
                }
            ],
            "hint_lines": [
                "current_access_indices = sorted(access_indices[key])[::-1]",
                "current_access_index = current_access_indices.pop()",
                "memory[ids.range_check_ptr] = current_access_index"
            ]
        },
        {
            "allowed_expressions": [
                {
                    "expr": "[cast(fp + 2, felt*)]",
                    "name": "starkware.cairo.common.squash_dict.squash_dict.big_keys"
                },
                {
                    "expr": "[cast(fp + (-5), starkware.cairo.common.dict_access.DictAccess**)]",
                    "name": "starkware.cairo.common.squash_dict.squash_dict.dict_accesses"
                },
                {
                    "expr": "[cast(fp + (-4), starkware.cairo.common.dict_access.DictAccess**)]",
                    "name": "starkware.cairo.common.squash_dict.squash_dict.dict_accesses_end"
                },
                {
                    "expr": "[cast(fp + 1, felt*)]",
                    "name": "starkware.cairo.common.squash_dict.squash_dict.first_key"
                },
                {
                    "expr": "[cast(ap + (-1), felt*)]",
                    "name": "starkware.cairo.common.squash_dict.squash_dict.n_accesses"
                },
                {
                    "expr": "[cast(ap, felt*)]",
                    "name": "starkware.cairo.common.squash_dict.squash_dict.ptr_diff"
                },
                {
                    "expr": "[cast(fp + (-6), felt*)]",
                    "name": "starkware.cairo.common.squash_dict.squash_dict.range_check_ptr"
                },
                {
                    "expr": "[cast(fp + (-3), starkware.cairo.common.dict_access.DictAccess**)]",
                    "name": "starkware.cairo.common.squash_dict.squash_dict.squashed_dict"
                }
            ],
            "hint_lines": [
                "dict_access_size = ids.DictAccess.SIZE",
                "address = ids.dict_accesses.address_",
                "assert ids.ptr_diff % dict_access_size == 0, \\",
                "    'Accesses array size must be divisible by DictAccess.SIZE'",
                "n_accesses = ids.n_accesses",
                "if '__squash_dict_max_size' in globals():",
                "    assert n_accesses <= __squash_dict_max_size, \\",
                "        f'squash_dict() can only be used with n_accesses<={__squash_dict_max_size}. ' \\",
                "        f'Got: n_accesses={n_accesses}.'",
                "# A map from key to the list of indices accessing it.",
                "access_indices = {}",
                "for i in range(n_accesses):",
                "    key = memory[address + dict_access_size * i]",
                "    access_indices.setdefault(key, []).append(i)",
                "# Descending list of keys.",
                "keys = sorted(access_indices.keys(), reverse=True)",
                "# Are the keys used bigger than range_check bound.",
                "ids.big_keys = 1 if keys[0] >= range_check_builtin.bound else 0",
                "ids.first_key = key = keys.pop()"
            ]
        },
        {
            "allowed_expressions": [
                {
                    "expr": "[cast(fp + (-5), starkware.cairo.common.dict_access.DictAccess**)]",
                    "name": "starkware.cairo.common.dict.dict_write.dict_ptr"
                },
                {
                    "expr": "[cast(fp + (-4), felt*)]",
                    "name": "starkware.cairo.common.dict.dict_write.key"
                },
                {
                    "expr": "[cast(fp + (-3), felt*)]",
                    "name": "starkware.cairo.common.dict.dict_write.new_value"
                }
            ],
            "hint_lines": [
                "dict_tracker = __dict_manager.get_tracker(ids.dict_ptr)",
                "dict_tracker.current_ptr += ids.DictAccess.SIZE",
                "ids.dict_ptr.prev_value = dict_tracker.data[ids.key]",
                "dict_tracker.data[ids.key] = ids.new_value"
            ]
        },
        {
            "allowed_expressions": [
                {
                    "expr": "[cast(fp + (-4), starkware.cairo.common.dict_access.DictAccess**)]",
                    "name": "starkware.cairo.common.dict.dict_read.dict_ptr"
                },
                {
                    "expr": "[cast(fp + (-3), felt*)]",
                    "name": "starkware.cairo.common.dict.dict_read.key"
                },
                {
                    "expr": "[cast(fp, felt*)]",
                    "name": "starkware.cairo.common.dict.dict_read.value"
                }
            ],
            "hint_lines": [
                "dict_tracker = __dict_manager.get_tracker(ids.dict_ptr)",
                "dict_tracker.current_ptr += ids.DictAccess.SIZE",
                "ids.value = dict_tracker.data[ids.key]"
            ]
        },
        {
            "allowed_expressions": [
                {
                    "expr": "[cast(fp + (-7), starkware.cairo.common.cairo_builtins.SignatureBuiltin**)]",
                    "name": "starkware.cairo.common.signature.verify_ecdsa_signature.ecdsa_ptr"
                },
                {
                    "expr": "[cast(fp + (-6), felt*)]",
                    "name": "starkware.cairo.common.signature.verify_ecdsa_signature.message"
                },
                {
                    "expr": "[cast(fp + (-5), felt*)]",
                    "name": "starkware.cairo.common.signature.verify_ecdsa_signature.public_key"
                },
                {
                    "expr": "[cast(fp + (-4), felt*)]",
                    "name": "starkware.cairo.common.signature.verify_ecdsa_signature.signature_r"
                },
                {
                    "expr": "[cast(fp + (-3), felt*)]",
                    "name": "starkware.cairo.common.signature.verify_ecdsa_signature.signature_s"
                }
            ],
            "hint_lines": [
                "ecdsa_builtin.add_signature(ids.ecdsa_ptr.address_, (ids.signature_r, ids.signature_s))"
            ]
        },
        {
            "allowed_expressions": [
                {
                    "expr": "[cast(fp + (-4), felt**)]",
                    "name": "starkware.cairo.common.keccak.unsafe_keccak.data"
                },
                {
                    "expr": "[cast(fp + 1, felt*)]",
                    "name": "starkware.cairo.common.keccak.unsafe_keccak.high"
                },
                {
                    "expr": "[cast(fp + (-3), felt*)]",
                    "name": "starkware.cairo.common.keccak.unsafe_keccak.length"
                },
                {
                    "expr": "[cast(fp, felt*)]",
                    "name": "starkware.cairo.common.keccak.unsafe_keccak.low"
                }
            ],
            "hint_lines": [
                "from eth_hash.auto import keccak",
                "data, length = ids.data, ids.length",
                "",
                "if '__keccak_max_size' in globals():",
                "    assert length <= __keccak_max_size, \\",
                "        f'unsafe_keccak() can only be used with length<={__keccak_max_size}. ' \\",
                "        f'Got: length={length}.'",
                "",
                "keccak_input = bytearray()",
                "for word_i, byte_i in enumerate(range(0, length, 16)):",
                "    word = memory[data + word_i]",
                "    n_bytes = min(16, length - byte_i)",
                "    assert 0 <= word < 2 ** (8 * n_bytes)",
                "    keccak_input += word.to_bytes(n_bytes, 'big')",
                "",
                "hashed = keccak(keccak_input)",
                "ids.high = int.from_bytes(hashed[:16], 'big')",
                "ids.low = int.from_bytes(hashed[16:32], 'big')"
            ]
        },
        {
            "allowed_expressions": [
                {
                    "expr": "[cast([fp + (-4)] + 1, felt*)]",
                    "name": "starkware.cairo.common.math.assert_250_bit.high"
                },
                {
                    "expr": "[cast([fp + (-4)], felt*)]",
                    "name": "starkware.cairo.common.math.assert_250_bit.low"
                },
                {
                    "expr": "[cast(fp + (-4), felt*)]",
                    "name": "starkware.cairo.common.math.assert_250_bit.range_check_ptr"
                },
                {
                    "expr": "[cast(fp + (-3), felt*)]",
                    "name": "starkware.cairo.common.math.assert_250_bit.value"
                }
            ],
            "hint_lines": [
                "from starkware.cairo.common.math_utils import as_int",
                "",
                "# Correctness check.",
                "value = as_int(ids.value, PRIME) % PRIME",
                "assert value < ids.UPPER_BOUND, f'{value} is outside of the range [0, 2**250).'",
                "",
                "# Calculation for the assertion.",
                "ids.high, ids.low = divmod(ids.value, ids.SHIFT)"
            ]
        },
        {
            "allowed_expressions": [
                {
                    "expr": "[cast([fp + (-6)] + 1, felt*)]",
                    "name": "starkware.cairo.common.math.signed_div_rem.biased_q"
                },
                {
                    "expr": "[cast(fp + (-3), felt*)]",
                    "name": "starkware.cairo.common.math.signed_div_rem.bound"
                },
                {
                    "expr": "[cast(fp + (-4), felt*)]",
                    "name": "starkware.cairo.common.math.signed_div_rem.div"
                },
                {
                    "expr": "[cast([fp + (-6)], felt*)]",
                    "name": "starkware.cairo.common.math.signed_div_rem.r"
                },
                {
                    "expr": "cast([fp + (-6)] + 2, felt)",
                    "name": "starkware.cairo.common.math.signed_div_rem.range_check_ptr"
                },
                {
                    "expr": "[cast(fp + (-5), felt*)]",
                    "name": "starkware.cairo.common.math.signed_div_rem.value"
                }
            ],
            "hint_lines": [
                "from starkware.cairo.common.math_utils import as_int, assert_integer",
                "",
                "assert_integer(ids.div)",
                "assert 0 < ids.div <= PRIME // range_check_builtin.bound, \\",
                "    f'div={hex(ids.div)} is out of the valid range.'",
                "",
                "assert_integer(ids.bound)",
                "assert ids.bound <= range_check_builtin.bound // 2, \\",
                "    f'bound={hex(ids.bound)} is out of the valid range.'",
                "",
                "int_value = as_int(ids.value, PRIME)",
                "q, ids.r = divmod(int_value, ids.div)",
                "",
                "assert -ids.bound <= q < ids.bound, \\",
                "    f'{int_value} / {ids.div} = {q} is out of the range [{-ids.bound}, {ids.bound}).'",
                "",
                "ids.biased_q = q + ids.bound"
            ]
        },
        {
            "allowed_expressions": [
                {
                    "expr": "[cast([fp + (-4)] + 1, felt*)]",
                    "name": "starkware.cairo.common.math.split_felt.high"
                },
                {
                    "expr": "[cast([fp + (-4)], felt*)]",
                    "name": "starkware.cairo.common.math.split_felt.low"
                },
                {
                    "expr": "cast([fp + (-4)] + 2, felt)",
                    "name": "starkware.cairo.common.math.split_felt.range_check_ptr"
                },
                {
                    "expr": "[cast(fp + (-3), felt*)]",
                    "name": "starkware.cairo.common.math.split_felt.value"
                }
            ],
            "hint_lines": [
                "from starkware.cairo.common.math_utils import assert_integer",
                "assert PRIME < 2**256",
                "assert_integer(ids.value)",
                "ids.low = ids.value & ((1 << 128) - 1)",
                "ids.high = ids.value >> 128"
            ]
        },
        {
            "allowed_expressions": [
                {
                    "expr": "[cast(fp + (-3), felt*)]",
                    "name": "starkware.cairo.common.math.assert_nn.a"
                },
                {
                    "expr": "[cast(fp + (-4), felt*)]",
                    "name": "starkware.cairo.common.math.assert_nn.range_check_ptr"
                }
            ],
            "hint_lines": [
                "from starkware.cairo.common.math_utils import assert_integer",
                "assert_integer(ids.a)",
                "assert 0 <= ids.a % PRIME < range_check_builtin.bound, f'a = {ids.a} is out of range.'"
            ]
        },
        {
            "allowed_expressions": [
                {
                    "expr": "[cast(fp + (-4), felt*)]",
                    "name": "starkware.cairo.common.math.assert_lt_felt.a"
                },
                {
                    "expr": "[cast(fp + (-3), felt*)]",
                    "name": "starkware.cairo.common.math.assert_lt_felt.b"
                },
                {
                    "expr": "[cast(fp + (-5), felt*)]",
                    "name": "starkware.cairo.common.math.assert_lt_felt.range_check_ptr"
                }
            ],
            "hint_lines": [
                "from starkware.cairo.common.math_utils import assert_integer",
                "assert_integer(ids.a)",
                "assert_integer(ids.b)",
                "assert (ids.a % PRIME) < (ids.b % PRIME), \\",
                "    f'a = {ids.a % PRIME} is not less than b = {ids.b % PRIME}.'"
            ]
        },
        {
            "allowed_expressions": [
                {
                    "expr": "[cast(fp + (-4), felt*)]",
                    "name": "starkware.cairo.common.math.assert_le_felt.a"
                },
                {
                    "expr": "[cast(fp + (-3), felt*)]",
                    "name": "starkware.cairo.common.math.assert_le_felt.b"
                },
                {
                    "expr": "[cast(fp + (-5), felt*)]",
                    "name": "starkware.cairo.common.math.assert_le_felt.range_check_ptr"
                }
            ],
            "hint_lines": [
                "from starkware.cairo.common.math_utils import assert_integer",
                "assert_integer(ids.a)",
                "assert_integer(ids.b)",
                "assert (ids.a % PRIME) <= (ids.b % PRIME), \\",
                "    f'a = {ids.a % PRIME} is not less than or equal to b = {ids.b % PRIME}.'"
            ]
        },
        {
            "allowed_expressions": [
                {
                    "expr": "[cast(fp + (-3), felt*)]",
                    "name": "starkware.cairo.common.math.unsigned_div_rem.div"
                },
                {
                    "expr": "[cast([fp + (-5)] + 1, felt*)]",
                    "name": "starkware.cairo.common.math.unsigned_div_rem.q"
                },
                {
                    "expr": "[cast([fp + (-5)], felt*)]",
                    "name": "starkware.cairo.common.math.unsigned_div_rem.r"
                },
                {
                    "expr": "cast([fp + (-5)] + 2, felt)",
                    "name": "starkware.cairo.common.math.unsigned_div_rem.range_check_ptr"
                },
                {
                    "expr": "[cast(fp + (-4), felt*)]",
                    "name": "starkware.cairo.common.math.unsigned_div_rem.value"
                }
            ],
            "hint_lines": [
                "from starkware.cairo.common.math_utils import assert_integer",
                "assert_integer(ids.div)",
                "assert 0 < ids.div <= PRIME // range_check_builtin.bound, \\",
                "    f'div={hex(ids.div)} is out of the valid range.'",
                "ids.q, ids.r = divmod(ids.value, ids.div)"
            ]
        },
        {
            "allowed_expressions": [
                {
                    "expr": "[cast(fp + (-3), felt*)]",
                    "name": "starkware.cairo.common.math.assert_not_zero.value"
                }
            ],
            "hint_lines": [
                "from starkware.cairo.common.math_utils import assert_integer",
                "assert_integer(ids.value)",
                "assert ids.value % PRIME != 0, f'assert_not_zero failed: {ids.value} = 0.'"
            ]
        },
        {
            "allowed_expressions": [
                {
                    "expr": "[cast(ap + (-1), felt*)]",
                    "name": "starkware.cairo.common.math.abs_value.is_positive"
                },
                {
                    "expr": "[cast(fp + (-4), felt*)]",
                    "name": "starkware.cairo.common.math.abs_value.range_check_ptr"
                },
                {
                    "expr": "[cast(fp + (-3), felt*)]",
                    "name": "starkware.cairo.common.math.abs_value.value"
                },
                {
                    "expr": "[cast(ap + (-1), felt*)]",
                    "name": "starkware.cairo.common.math.sign.is_positive"
                },
                {
                    "expr": "[cast(fp + (-4), felt*)]",
                    "name": "starkware.cairo.common.math.sign.range_check_ptr"
                },
                {
                    "expr": "[cast(fp + (-3), felt*)]",
                    "name": "starkware.cairo.common.math.sign.value"
                }
            ],
            "hint_lines": [
                "from starkware.cairo.common.math_utils import is_positive",
                "ids.is_positive = 1 if is_positive(",
                "    value=ids.value, prime=PRIME, rc_bound=range_check_builtin.bound) else 0"
            ]
        },
        {
            "allowed_expressions": [
                {
                    "expr": "[cast(fp + (-4), felt*)]",
                    "name": "starkware.cairo.common.math.assert_not_equal.a"
                },
                {
                    "expr": "[cast(fp + (-3), felt*)]",
                    "name": "starkware.cairo.common.math.assert_not_equal.b"
                }
            ],
            "hint_lines": [
                "from starkware.cairo.lang.vm.relocatable import RelocatableValue",
                "both_ints = isinstance(ids.a, int) and isinstance(ids.b, int)",
                "both_relocatable = (",
                "    isinstance(ids.a, RelocatableValue) and isinstance(ids.b, RelocatableValue) and",
                "    ids.a.segment_index == ids.b.segment_index)",
                "assert both_ints or both_relocatable, \\",
                "    f'assert_not_equal failed: non-comparable values: {ids.a}, {ids.b}.'",
                "assert (ids.a - ids.b) % PRIME != 0, f'assert_not_equal failed: {ids.a} = {ids.b}.'"
            ]
        },
        {
            "allowed_expressions": [
                {
                    "expr": "[cast(fp + (-5), felt*)]",
                    "name": "starkware.cairo.common.uint256.felt_and.a"
                },
                {
                    "expr": "[cast(fp, felt*)]",
                    "name": "starkware.cairo.common.uint256.felt_and.a_lsb"
                },
                {
                    "expr": "[cast(fp + (-4), felt*)]",
                    "name": "starkware.cairo.common.uint256.felt_and.b"
                },
                {
                    "expr": "[cast(fp + 1, felt*)]",
                    "name": "starkware.cairo.common.uint256.felt_and.b_lsb"
                },
                {
                    "expr": "[cast(fp + (-3), felt*)]",
                    "name": "starkware.cairo.common.uint256.felt_and.n"
                },
                {
                    "expr": "[cast(fp + (-6), felt*)]",
                    "name": "starkware.cairo.common.uint256.felt_and.range_check_ptr"
                },
                {
                    "expr": "[cast(fp + (-5), felt*)]",
                    "name": "starkware.cairo.common.uint256.felt_xor.a"
                },
                {
                    "expr": "[cast(fp, felt*)]",
                    "name": "starkware.cairo.common.uint256.felt_xor.a_lsb"
                },
                {
                    "expr": "[cast(fp + (-4), felt*)]",
                    "name": "starkware.cairo.common.uint256.felt_xor.b"
                },
                {
                    "expr": "[cast(fp + 1, felt*)]",
                    "name": "starkware.cairo.common.uint256.felt_xor.b_lsb"
                },
                {
                    "expr": "[cast(fp + (-3), felt*)]",
                    "name": "starkware.cairo.common.uint256.felt_xor.n"
                },
                {
                    "expr": "[cast(fp + (-6), felt*)]",
                    "name": "starkware.cairo.common.uint256.felt_xor.range_check_ptr"
                }
            ],
            "hint_lines": [
                "ids.a_lsb = ids.a & 1",
                "ids.b_lsb = ids.b & 1"
            ]
        },
        {
            "allowed_expressions": [
                {
                    "expr": "[cast(fp + (-3), felt*)]",
                    "name": "starkware.starknet.common.storage.storage_read.address"
                },
                {
                    "expr": "[cast(fp + (-4), starkware.cairo.common.dict_access.DictAccess**)]",
                    "name": "starkware.starknet.common.storage.storage_read.dict_ptr"
                },
                {
                    "expr": "[cast(ap + (-1), starkware.starknet.common.storage.Storage**)]",
                    "name": "starkware.starknet.common.storage.storage_read.storage_ptr"
                }
            ],
            "hint_lines": [
                "ids.dict_ptr.prev_value = __storage.read(address=ids.dict_ptr.key)"
            ]
        },
        {
            "allowed_expressions": [
                {
                    "expr": "[cast(fp + (-4), felt*)]",
                    "name": "starkware.starknet.common.storage.storage_write.address"
                },
                {
                    "expr": "[cast(fp + (-5), starkware.cairo.common.dict_access.DictAccess**)]",
                    "name": "starkware.starknet.common.storage.storage_write.dict_ptr"
                },
                {
                    "expr": "[cast(fp + (-5), starkware.starknet.common.storage.Storage**)]",
                    "name": "starkware.starknet.common.storage.storage_write.storage_ptr"
                },
                {
                    "expr": "[cast(fp + (-3), felt*)]",
                    "name": "starkware.starknet.common.storage.storage_write.value"
                }
            ],
            "hint_lines": [
                "ids.dict_ptr.prev_value = __storage.read(address=ids.dict_ptr.key)",
                "__storage.write(address=ids.dict_ptr.key, value=ids.dict_ptr.new_value)"
            ]
        },
        {
            "allowed_expressions": [
                {
                    "expr": "[cast(fp + (-3), felt*)]",
                    "name": "starkware.starknet.common.storage.normalize_address.addr"
                },
                {
                    "expr": "[cast(ap + (-1), felt*)]",
                    "name": "starkware.starknet.common.storage.normalize_address.is_250"
                },
                {
                    "expr": "[cast(ap + (-1), felt*)]",
                    "name": "starkware.starknet.common.storage.normalize_address.is_small"
                },
                {
                    "expr": "[cast(fp + (-4), felt*)]",
                    "name": "starkware.starknet.common.storage.normalize_address.range_check_ptr"
                }
            ],
            "hint_lines": [
                "ids.is_250 = 1 if ids.addr < 2**250 else 0"
            ]
        },
        {
            "allowed_expressions": [
                {
                    "expr": "[cast(fp + (-4), felt*)]",
                    "name": "starkware.cairo.common.pow.pow.base"
                },
                {
                    "expr": "[cast(fp + (-3), felt*)]",
                    "name": "starkware.cairo.common.pow.pow.exp"
                },
                {
                    "expr": "cast(fp + (-2), starkware.cairo.common.pow.pow.LoopLocals*)",
                    "name": "starkware.cairo.common.pow.pow.initial_locs"
                },
                {
                    "expr": "cast(ap, starkware.cairo.common.pow.pow.LoopLocals*)",
                    "name": "starkware.cairo.common.pow.pow.locs"
                },
                {
                    "expr": "cast(ap + (-5), starkware.cairo.common.pow.pow.LoopLocals*)",
                    "name": "starkware.cairo.common.pow.pow.prev_locs"
                },
                {
                    "expr": "[cast(fp + (-5), felt*)]",
                    "name": "starkware.cairo.common.pow.pow.range_check_ptr"
                }
            ],
            "hint_lines": [
                "ids.locs.bit = (ids.prev_locs.exp % PRIME) & 1"
            ]
        },
        {
            "allowed_expressions": [
                {
                    "expr": "[cast(ap + 1, starkware.cairo.common.dict_access.DictAccess**)]",
                    "name": "starkware.cairo.common.squash_dict.squash_dict_inner.access"
                },
                {
                    "expr": "[cast(fp + (-3), felt*)]",
                    "name": "starkware.cairo.common.squash_dict.squash_dict_inner.big_keys"
                },
                {
                    "expr": "[cast(ap + (-1), felt*)]",
                    "name": "starkware.cairo.common.squash_dict.squash_dict_inner.current_access_index"
                },
                {
                    "expr": "[cast(fp + (-8), starkware.cairo.common.dict_access.DictAccess**)]",
                    "name": "starkware.cairo.common.squash_dict.squash_dict_inner.dict_accesses"
                },
                {
                    "expr": "[cast(fp + (-7), felt**)]",
                    "name": "starkware.cairo.common.squash_dict.squash_dict_inner.dict_accesses_end_minus1"
                },
                {
                    "expr": "[cast(fp + (-4), starkware.cairo.common.dict_access.DictAccess**)]",
                    "name": "starkware.cairo.common.squash_dict.squash_dict_inner.dict_diff"
                },
                {
                    "expr": "[cast(ap, starkware.cairo.common.dict_access.DictAccess**)]",
                    "name": "starkware.cairo.common.squash_dict.squash_dict_inner.first_access"
                },
                {
                    "expr": "cast(ap, starkware.cairo.common.squash_dict.squash_dict_inner.LoopLocals*)",
                    "name": "starkware.cairo.common.squash_dict.squash_dict_inner.first_loop_locals"
                },
                {
                    "expr": "[cast(fp, felt*)]",
                    "name": "starkware.cairo.common.squash_dict.squash_dict_inner.first_value"
                },
                {
                    "expr": "[cast(fp + (-6), felt*)]",
                    "name": "starkware.cairo.common.squash_dict.squash_dict_inner.key"
                },
                {
                    "expr": "cast(ap + 4, starkware.cairo.common.squash_dict.squash_dict_inner.LoopLocals*)",
                    "name": "starkware.cairo.common.squash_dict.squash_dict_inner.loop_locals"
                },
                {
                    "expr": "cast(ap, starkware.cairo.common.squash_dict.squash_dict_inner.LoopTemps*)",
                    "name": "starkware.cairo.common.squash_dict.squash_dict_inner.loop_temps"
                },
                {
                    "expr": "cast(ap + (-3), starkware.cairo.common.squash_dict.squash_dict_inner.LoopLocals*)",
                    "name": "starkware.cairo.common.squash_dict.squash_dict_inner.prev_loop_locals"
                },
                {
                    "expr": "[cast(ap + (-1), felt*)]",
                    "name": "starkware.cairo.common.squash_dict.squash_dict_inner.ptr_delta"
                },
                {
                    "expr": "[cast(fp + (-9), felt*)]",
                    "name": "starkware.cairo.common.squash_dict.squash_dict_inner.range_check_ptr"
                },
                {
                    "expr": "[cast(fp + (-5), felt*)]",
                    "name": "starkware.cairo.common.squash_dict.squash_dict_inner.remaining_accesses"
                },
                {
                    "expr": "[cast(fp + 1, felt*)]",
                    "name": "starkware.cairo.common.squash_dict.squash_dict_inner.should_skip_loop"
                },
                {
                    "expr": "[cast(fp + (-4), starkware.cairo.common.dict_access.DictAccess**)]",
                    "name": "starkware.cairo.common.squash_dict.squash_dict_inner.squashed_dict"
                }
            ],
            "hint_lines": [
                "ids.loop_temps.should_continue = 1 if current_access_indices else 0"
            ]
        },
        {
            "allowed_expressions": [
                {
                    "expr": "[cast(fp + (-3), felt*)]",
                    "name": "starkware.cairo.common.uint256.split_64.a"
                },
                {
                    "expr": "[cast(fp + 1, felt*)]",
                    "name": "starkware.cairo.common.uint256.split_64.high"
                },
                {
                    "expr": "[cast(fp, felt*)]",
                    "name": "starkware.cairo.common.uint256.split_64.low"
                },
                {
                    "expr": "[cast(fp + (-4), felt*)]",
                    "name": "starkware.cairo.common.uint256.split_64.range_check_ptr"
                }
            ],
            "hint_lines": [
                "ids.low = ids.a & ((1<<64) - 1)",
                "ids.high = ids.a >> 64"
            ]
        },
        {
            "allowed_expressions": [
                {
                    "expr": "[cast(fp + (-3), felt*)]",
                    "name": "starkware.cairo.common.squash_dict.squash_dict_inner.big_keys"
                },
                {
                    "expr": "[cast(ap + (-1), felt*)]",
                    "name": "starkware.cairo.common.squash_dict.squash_dict_inner.current_access_index"
                },
                {
                    "expr": "[cast(fp + (-8), starkware.cairo.common.dict_access.DictAccess**)]",
                    "name": "starkware.cairo.common.squash_dict.squash_dict_inner.dict_accesses"
                },
                {
                    "expr": "[cast(fp + (-7), felt**)]",
                    "name": "starkware.cairo.common.squash_dict.squash_dict_inner.dict_accesses_end_minus1"
                },
                {
                    "expr": "[cast(fp + (-4), starkware.cairo.common.dict_access.DictAccess**)]",
                    "name": "starkware.cairo.common.squash_dict.squash_dict_inner.dict_diff"
                },
                {
                    "expr": "[cast(ap, starkware.cairo.common.dict_access.DictAccess**)]",
                    "name": "starkware.cairo.common.squash_dict.squash_dict_inner.first_access"
                },
                {
                    "expr": "cast(ap, starkware.cairo.common.squash_dict.squash_dict_inner.LoopLocals*)",
                    "name": "starkware.cairo.common.squash_dict.squash_dict_inner.first_loop_locals"
                },
                {
                    "expr": "[cast(fp, felt*)]",
                    "name": "starkware.cairo.common.squash_dict.squash_dict_inner.first_value"
                },
                {
                    "expr": "[cast(fp + (-6), felt*)]",
                    "name": "starkware.cairo.common.squash_dict.squash_dict_inner.key"
                },
                {
                    "expr": "[cast(ap + (-1), felt*)]",
                    "name": "starkware.cairo.common.squash_dict.squash_dict_inner.ptr_delta"
                },
                {
                    "expr": "[cast(fp + (-9), felt*)]",
                    "name": "starkware.cairo.common.squash_dict.squash_dict_inner.range_check_ptr"
                },
                {
                    "expr": "[cast(fp + (-5), felt*)]",
                    "name": "starkware.cairo.common.squash_dict.squash_dict_inner.remaining_accesses"
                },
                {
                    "expr": "[cast(fp + 1, felt*)]",
                    "name": "starkware.cairo.common.squash_dict.squash_dict_inner.should_skip_loop"
                },
                {
                    "expr": "[cast(fp + (-4), starkware.cairo.common.dict_access.DictAccess**)]",
                    "name": "starkware.cairo.common.squash_dict.squash_dict_inner.squashed_dict"
                }
            ],
            "hint_lines": [
                "ids.should_skip_loop = 0 if current_access_indices else 1"
            ]
        },
        {
            "allowed_expressions": [
                {
                    "expr": "[cast(fp + (-3), felt*)]",
                    "name": "starkware.cairo.common.default_dict.default_dict_new.default_value"
                }
            ],
            "hint_lines": [
                "if '__dict_manager' not in globals():",
                "    from starkware.cairo.common.dict import DictManager",
                "    __dict_manager = DictManager()",
                "",
                "memory[ap] = __dict_manager.new_default_dict(segments, ids.default_value)"
            ]
        },
        {
            "allowed_expressions": [],
            "hint_lines": [
                "if '__dict_manager' not in globals():",
                "    from starkware.cairo.common.dict import DictManager",
                "    __dict_manager = DictManager()",
                "",
                "memory[ap] = __dict_manager.new_dict(segments, initial_dict)",
                "del initial_dict"
            ]
        },
        {
            "allowed_expressions": [
                {
                    "expr": "[cast(fp + (-4), felt*)]",
                    "name": "starkware.cairo.common.math_cmp.is_le_felt.a"
                },
                {
                    "expr": "[cast(fp + (-3), felt*)]",
                    "name": "starkware.cairo.common.math_cmp.is_le_felt.b"
                },
                {
                    "expr": "[cast(fp + (-5), felt*)]",
                    "name": "starkware.cairo.common.math_cmp.is_le_felt.range_check_ptr"
                }
            ],
            "hint_lines": [
                "memory[ap] = 0 if (ids.a % PRIME) <= (ids.b % PRIME) else 1"
            ]
        },
        {
            "allowed_expressions": [
                {
                    "expr": "[cast(fp + (-3), felt*)]",
                    "name": "starkware.cairo.common.math_cmp.is_nn.a"
                },
                {
                    "expr": "[cast(fp + (-4), felt*)]",
                    "name": "starkware.cairo.common.math_cmp.is_nn.range_check_ptr"
                }
            ],
            "hint_lines": [
                "memory[ap] = 0 if 0 <= ((-ids.a - 1) % PRIME) < range_check_builtin.bound else 1"
            ]
        },
        {
            "allowed_expressions": [
                {
                    "expr": "[cast(fp + (-3), felt*)]",
                    "name": "starkware.cairo.common.math_cmp.is_nn.a"
                },
                {
                    "expr": "[cast(fp + (-4), felt*)]",
                    "name": "starkware.cairo.common.math_cmp.is_nn.range_check_ptr"
                }
            ],
            "hint_lines": [
                "memory[ap] = 0 if 0 <= (ids.a % PRIME) < range_check_builtin.bound else 1"
            ]
        },
        {
            "allowed_expressions": [],
            "hint_lines": [
                "memory[ap] = segments.add()"
            ]
        },
        {
            "allowed_expressions": [
                {
                    "expr": "[cast(ap, felt*)]",
                    "name": "starkware.cairo.common.memcpy.memcpy.continue_copying"
                },
                {
                    "expr": "[cast(fp + (-5), felt**)]",
                    "name": "starkware.cairo.common.memcpy.memcpy.dst"
                },
                {
                    "expr": "[cast(ap + (-2), starkware.cairo.common.memcpy.memcpy.LoopFrame*)]",
                    "name": "starkware.cairo.common.memcpy.memcpy.frame"
                },
                {
                    "expr": "[cast(fp + (-3), felt*)]",
                    "name": "starkware.cairo.common.memcpy.memcpy.len"
                },
                {
                    "expr": "cast(ap + 1, starkware.cairo.common.memcpy.memcpy.LoopFrame*)",
                    "name": "starkware.cairo.common.memcpy.memcpy.next_frame"
                },
                {
                    "expr": "[cast(fp + (-4), felt**)]",
                    "name": "starkware.cairo.common.memcpy.memcpy.src"
                }
            ],
            "hint_lines": [
                "n -= 1",
                "ids.continue_copying = 1 if n > 0 else 0"
            ]
        },
        {
            "allowed_expressions": [
                {
                    "expr": "[cast(fp + (-3), felt*)]",
                    "name": "starkware.cairo.common.squash_dict.squash_dict_inner.big_keys"
                },
                {
                    "expr": "[cast(ap + (-1), felt*)]",
                    "name": "starkware.cairo.common.squash_dict.squash_dict_inner.current_access_index"
                },
                {
                    "expr": "[cast(fp + (-8), starkware.cairo.common.dict_access.DictAccess**)]",
                    "name": "starkware.cairo.common.squash_dict.squash_dict_inner.dict_accesses"
                },
                {
                    "expr": "[cast(fp + (-7), felt**)]",
                    "name": "starkware.cairo.common.squash_dict.squash_dict_inner.dict_accesses_end_minus1"
                },
                {
                    "expr": "[cast(fp + (-4), starkware.cairo.common.dict_access.DictAccess**)]",
                    "name": "starkware.cairo.common.squash_dict.squash_dict_inner.dict_diff"
                },
                {
                    "expr": "[cast(ap, starkware.cairo.common.dict_access.DictAccess**)]",
                    "name": "starkware.cairo.common.squash_dict.squash_dict_inner.first_access"
                },
                {
                    "expr": "cast(ap, starkware.cairo.common.squash_dict.squash_dict_inner.LoopLocals*)",
                    "name": "starkware.cairo.common.squash_dict.squash_dict_inner.first_loop_locals"
                },
                {
                    "expr": "[cast(fp, felt*)]",
                    "name": "starkware.cairo.common.squash_dict.squash_dict_inner.first_value"
                },
                {
                    "expr": "[cast(fp + (-6), felt*)]",
                    "name": "starkware.cairo.common.squash_dict.squash_dict_inner.key"
                },
                {
                    "expr": "cast(ap + 4, starkware.cairo.common.squash_dict.squash_dict_inner.LoopLocals*)",
                    "name": "starkware.cairo.common.squash_dict.squash_dict_inner.loop_locals"
                },
                {
                    "expr": "cast(ap, starkware.cairo.common.squash_dict.squash_dict_inner.LoopTemps*)",
                    "name": "starkware.cairo.common.squash_dict.squash_dict_inner.loop_temps"
                },
                {
                    "expr": "cast(ap + (-3), starkware.cairo.common.squash_dict.squash_dict_inner.LoopLocals*)",
                    "name": "starkware.cairo.common.squash_dict.squash_dict_inner.prev_loop_locals"
                },
                {
                    "expr": "[cast(ap + (-1), felt*)]",
                    "name": "starkware.cairo.common.squash_dict.squash_dict_inner.ptr_delta"
                },
                {
                    "expr": "[cast(fp + (-9), felt*)]",
                    "name": "starkware.cairo.common.squash_dict.squash_dict_inner.range_check_ptr"
                },
                {
                    "expr": "[cast(fp + (-5), felt*)]",
                    "name": "starkware.cairo.common.squash_dict.squash_dict_inner.remaining_accesses"
                },
                {
                    "expr": "[cast(fp + 1, felt*)]",
                    "name": "starkware.cairo.common.squash_dict.squash_dict_inner.should_skip_loop"
                },
                {
                    "expr": "[cast(fp + (-4), starkware.cairo.common.dict_access.DictAccess**)]",
                    "name": "starkware.cairo.common.squash_dict.squash_dict_inner.squashed_dict"
                }
            ],
            "hint_lines": [
                "new_access_index = current_access_indices.pop()",
                "ids.loop_temps.index_delta_minus1 = new_access_index - current_access_index - 1",
                "current_access_index = new_access_index"
            ]
        },
        {
            "allowed_expressions": [
                {
                    "expr": "[cast(fp + (-6), starkware.cairo.common.uint256.Uint256*)]",
                    "name": "starkware.cairo.common.uint256.uint256_add.a"
                },
                {
                    "expr": "[cast(fp + (-4), starkware.cairo.common.uint256.Uint256*)]",
                    "name": "starkware.cairo.common.uint256.uint256_add.b"
                },
                {
                    "expr": "[cast(fp + 3, felt*)]",
                    "name": "starkware.cairo.common.uint256.uint256_add.carry_high"
                },
                {
                    "expr": "[cast(fp + 2, felt*)]",
                    "name": "starkware.cairo.common.uint256.uint256_add.carry_low"
                },
                {
                    "expr": "[cast(fp + (-7), felt*)]",
                    "name": "starkware.cairo.common.uint256.uint256_add.range_check_ptr"
                },
                {
                    "expr": "[cast(fp, starkware.cairo.common.uint256.Uint256*)]",
                    "name": "starkware.cairo.common.uint256.uint256_add.res"
                }
            ],
            "hint_lines": [
                "sum_low = ids.a.low + ids.b.low",
                "ids.carry_low = 1 if sum_low >= ids.SHIFT else 0",
                "sum_high = ids.a.high + ids.b.high + ids.carry_low",
                "ids.carry_high = 1 if sum_high >= ids.SHIFT else 0"
            ]
        },
        {
            "allowed_expressions": [
                {
                    "expr": "[cast(fp + (-3), felt**)]",
                    "name": "starkware.starknet.common.syscalls.call_contract.calldata"
                },
                {
                    "expr": "[cast(fp + (-4), felt*)]",
                    "name": "starkware.starknet.common.syscalls.call_contract.calldata_size"
                },
                {
                    "expr": "[cast(fp + (-6), felt*)]",
                    "name": "starkware.starknet.common.syscalls.call_contract.contract_address"
                },
                {
                    "expr": "[cast(fp + (-5), felt*)]",
                    "name": "starkware.starknet.common.syscalls.call_contract.function_selector"
                },
                {
                    "expr": "[cast(fp + (-7), starkware.starknet.common.storage.Storage**)]",
                    "name": "starkware.starknet.common.syscalls.call_contract.storage_ptr"
                },
                {
                    "expr": "[cast([fp + (-8)], starkware.starknet.common.syscalls.CallContract*)]",
                    "name": "starkware.starknet.common.syscalls.call_contract.syscall"
                },
                {
                    "expr": "[cast(fp + (-8), felt**)]",
                    "name": "starkware.starknet.common.syscalls.call_contract.syscall_ptr"
                }
            ],
            "hint_lines": [
                "syscall_handler.call_contract(segments=segments, syscall_ptr=ids.syscall_ptr)"
            ]
        },
        {
            "allowed_expressions": [
                {
                    "expr": "[cast([fp + (-3)], starkware.starknet.common.syscalls.GetCallerAddress*)]",
                    "name": "starkware.starknet.common.syscalls.get_caller_address.syscall"
                },
                {
                    "expr": "[cast(fp + (-3), felt**)]",
                    "name": "starkware.starknet.common.syscalls.get_caller_address.syscall_ptr"
                }
            ],
            "hint_lines": [
                "syscall_handler.get_caller_address(segments=segments, syscall_ptr=ids.syscall_ptr)"
            ]
        },
        {
            "allowed_expressions": [
                {
                    "expr": "[cast(fp + (-3), felt**)]",
                    "name": "starkware.starknet.common.messages.send_message_to_l1.payload"
                },
                {
                    "expr": "[cast(fp + (-4), felt*)]",
                    "name": "starkware.starknet.common.messages.send_message_to_l1.payload_size"
                },
                {
                    "expr": "[cast(fp + (-6), felt**)]",
                    "name": "starkware.starknet.common.messages.send_message_to_l1.syscall_ptr"
                },
                {
                    "expr": "[cast(fp + (-5), felt*)]",
                    "name": "starkware.starknet.common.messages.send_message_to_l1.to_address"
                }
            ],
            "hint_lines": [
                "syscall_handler.send_message_to_l1(segments=segments, syscall_ptr=ids.syscall_ptr)"
            ]
        },
        {
            "allowed_expressions": [
                {
                    "expr": "[cast(fp + (-5), starkware.cairo.common.dict_access.DictAccess**)]",
                    "name": "starkware.cairo.common.squash_dict.squash_dict.dict_accesses"
                },
                {
                    "expr": "[cast(fp + (-4), starkware.cairo.common.dict_access.DictAccess**)]",
                    "name": "starkware.cairo.common.squash_dict.squash_dict.dict_accesses_end"
                },
                {
                    "expr": "[cast(ap, felt*)]",
                    "name": "starkware.cairo.common.squash_dict.squash_dict.ptr_diff"
                },
                {
                    "expr": "[cast(fp + (-6), felt*)]",
                    "name": "starkware.cairo.common.squash_dict.squash_dict.range_check_ptr"
                },
                {
                    "expr": "[cast(fp + (-3), starkware.cairo.common.dict_access.DictAccess**)]",
                    "name": "starkware.cairo.common.squash_dict.squash_dict.squashed_dict"
                }
            ],
            "hint_lines": [
                "vm_enter_scope()"
            ]
        },
        {
            "allowed_expressions": [
                {
                    "expr": "[cast(fp + (-5), felt**)]",
                    "name": "starkware.cairo.common.memcpy.memcpy.dst"
                },
                {
                    "expr": "[cast(fp + (-3), felt*)]",
                    "name": "starkware.cairo.common.memcpy.memcpy.len"
                },
                {
                    "expr": "[cast(fp + (-4), felt**)]",
                    "name": "starkware.cairo.common.memcpy.memcpy.src"
                }
            ],
            "hint_lines": [
                "vm_enter_scope({'n': ids.len})"
            ]
        },
        {
            "allowed_expressions": [
                {
                    "expr": "[cast(fp + (-3), starkware.cairo.common.dict_access.DictAccess**)]",
                    "name": "starkware.cairo.common.dict.dict_squash.dict_accesses_end"
                },
                {
                    "expr": "[cast(fp + (-4), starkware.cairo.common.dict_access.DictAccess**)]",
                    "name": "starkware.cairo.common.dict.dict_squash.dict_accesses_start"
                },
                {
                    "expr": "[cast(fp + (-5), felt*)]",
                    "name": "starkware.cairo.common.dict.dict_squash.range_check_ptr"
                },
                {
                    "expr": "[cast(fp, starkware.cairo.common.dict_access.DictAccess**)]",
                    "name": "starkware.cairo.common.dict.dict_squash.squashed_dict_start"
                },
                {
                    "expr": "[cast(ap, felt*)]",
                    "name": "starkware.cairo.common.memcpy.memcpy.continue_copying"
                },
                {
                    "expr": "[cast(fp + (-5), felt**)]",
                    "name": "starkware.cairo.common.memcpy.memcpy.dst"
                },
                {
                    "expr": "[cast(ap + (-2), starkware.cairo.common.memcpy.memcpy.LoopFrame*)]",
                    "name": "starkware.cairo.common.memcpy.memcpy.frame"
                },
                {
                    "expr": "[cast(fp + (-3), felt*)]",
                    "name": "starkware.cairo.common.memcpy.memcpy.len"
                },
                {
                    "expr": "cast(ap + 1, starkware.cairo.common.memcpy.memcpy.LoopFrame*)",
                    "name": "starkware.cairo.common.memcpy.memcpy.next_frame"
                },
                {
                    "expr": "[cast(fp + (-4), felt**)]",
                    "name": "starkware.cairo.common.memcpy.memcpy.src"
                },
                {
                    "expr": "[cast(fp + 2, felt*)]",
                    "name": "starkware.cairo.common.squash_dict.squash_dict.big_keys"
                },
                {
                    "expr": "[cast(fp + (-5), starkware.cairo.common.dict_access.DictAccess**)]",
                    "name": "starkware.cairo.common.squash_dict.squash_dict.dict_accesses"
                },
                {
                    "expr": "[cast(fp + (-4), starkware.cairo.common.dict_access.DictAccess**)]",
                    "name": "starkware.cairo.common.squash_dict.squash_dict.dict_accesses_end"
                },
                {
                    "expr": "[cast(fp + 1, felt*)]",
                    "name": "starkware.cairo.common.squash_dict.squash_dict.first_key"
                },
                {
                    "expr": "[cast(ap - 1 + (-1), felt*)]",
                    "name": "starkware.cairo.common.squash_dict.squash_dict.n_accesses"
                },
                {
                    "expr": "[cast(ap - 5, felt*)]",
                    "name": "starkware.cairo.common.squash_dict.squash_dict.ptr_diff"
                },
                {
                    "expr": "[cast(ap, felt*)]",
                    "name": "starkware.cairo.common.squash_dict.squash_dict.ptr_diff"
                },
                {
                    "expr": "[cast(ap + (-2), felt*)]",
                    "name": "starkware.cairo.common.squash_dict.squash_dict.range_check_ptr"
                },
                {
                    "expr": "[cast(fp + (-6), felt*)]",
                    "name": "starkware.cairo.common.squash_dict.squash_dict.range_check_ptr"
                },
                {
                    "expr": "[cast(ap + (-1), starkware.cairo.common.dict_access.DictAccess**)]",
                    "name": "starkware.cairo.common.squash_dict.squash_dict.squashed_dict"
                },
                {
                    "expr": "[cast(fp + (-3), starkware.cairo.common.dict_access.DictAccess**)]",
                    "name": "starkware.cairo.common.squash_dict.squash_dict.squashed_dict"
                }
            ],
            "hint_lines": [
                "vm_exit_scope()"
            ]
        }
    ]
}
